{"turbowarpGamepad":{"i":"turbowarpGamepad","n":"Gamepad","d":"Directly access gamepads instead of just mapping buttons to keys.","b":"https://extensions.turbowarp.org/images/gamepad.svg","c":"#0fbd8c","t":"input gamepad controller keys"},"shovellzcompress":{"i":"shovellzcompress","n":"LZ Compress","d":"Compress and decompress text using lz-string.","a":"TheShovel","c":"#2f3463","b":"https://extensions.turbowarp.org/images/TheShovel/LZ-String.svg"},"0832rxfs2":{"i":"0832rxfs2","n":"rxFS","d":"Blocks for interacting with a virtual in-memory filesystem.","a":"0832","c":"#192d50","b":"https://extensions.turbowarp.org/images/0832/rxFS2.svg"},"rubydevs1mbShortener":{"i":"rubydevs1mbShortener","n":"1mbShortener","d":"Using 1mb Api you can now share links without it being long!","a":"Ruby Devs","c":"#3467eb","b":"https://ruby-devs.vercel.app/cdn/thumbnails/1mb.svg"},"ObviousAlexC3DMath":{"i":"ObviousAlexC3DMath","n":"3D math","d":"A handful of utilities for making your own sprite-based 3D engine.","a":"ObviousAlexC","c":"#ADC213","b":"https://extensions.penguinmod.com/images/ObviousAlexC/3DMath.svg"},"ACatUpdateFile":{"i":"ACatUpdateFile","n":"Update File (Direct Access)","d":"Edit/Read files dynamically without prompting to reselect it.","a":"Anonymous_cat1","c":"#e8ab1c","b":"https://extensions.penguinmod.com/images/Anonymous_cat1/updateFile.svg"},"alestorenfc":{"i":"alestorenfc","n":"NFCWarp","d":"Allows reading data from NFC (NDEF) devices. Only works in Chrome on Android.","a":"Alestore Games ","c":"#FF4646","b":"https://extensions.turbowarp.org/images/Alestore/nfcwarp.svg"}}