{"0":76,"1":43,"2":74,"3":75,"4":84,"5":72,"6":78,"7":78,"8":81,"9":75,"}":60,"a":62,"à":62,"á":62,"ã":62,"â":62,"ä":62,"å":62,"æ":117,"c":58,"b":85,"ç":61,"d":81,"e":62,"è":62,"é":62,"ê":62,"ë":62,"f":70,"g":84,"h":109,"i":48,"í":48,"ì":48,"î":49,"ï":56,"j":50,"l":51,"k":96,"m":148,"n":99,"ñ":99,"o":63,"ò":63,"ô":63,"ó":63,"ö":63,"õ":63,"ø":73,"p":79,"q":71,"r":68,"s":64,"ß":92,"ù":100,"t":60,"u":100,"ú":100,"û":100,"ü":100,"v":85,"w":124,"x":85,"y":98,"ý":98,"ÿ":98,"z":65,"A":113,"À":113,"Â":113,"Á":113,"Ã":113,"Ä":113,"Å":113,"Æ":149,"C":72,"B":85,"Ç":72,"D":91,"E":93,"È":93,"Ê":93,"É":93,"Ë":93,"F":92,"G":83,"H":106,"Ì":44,"Í":44,"I":44,"Î":47,"Ï":56,"J":74,"L":87,"K":106,"M":139,"N":111,"O":92,"Ñ":111,"Ò":92,"Ó":92,"Ô":92,"Õ":92,"Ö":92,"Ø":92,"P":83,"Q":92,"R":94,"S":71,"T":88,"U":106,"Ù":106,"Ú":106,"Û":106,"Ü":106,"V":109,"W":155,"X":124,"Y":106,"Ý":106,"Ÿ":106,"Z":82,"!":22,"\"":36,"#":74,"$":54,"%":75,"&":90,"'":13,"(":30,")":31,"+":58,"*":56,",":20,".":22,"-":50,"/":62,":":21,";":20,"<":35,"=":49,">":35,"?":64,"@":85,"[":40,"\\":64,"]":41,"_":68,"^":47,"`":24,"{":58,"|":12}