{"0":83,"1":50,"2":78,"3":78,"4":87,"5":76,"6":80,"7":79,"8":82,"9":81,"a":73,"à":73,"á":73,"â":73,"ã":73,"ä":73,"å":73,"æ":136,"b":82,"c":70,"ç":70,"d":83,"e":82,"è":82,"é":82,"ê":82,"ë":82,"f":57,"g":80,"h":75,"i":21,"ì":33,"í":33,"î":48,"ï":54,"j":45,"k":77,"l":30,"m":127,"n":75,"ñ":75,"o":87,"ò":87,"ó":87,"ô":87,"õ":87,"ö":87,"ø":87,"p":82,"q":83,"r":53,"s":66,"ß":91,"t":55,"u":76,"ù":76,"ú":76,"û":76,"ü":76,"v":84,"w":132,"x":86,"y":85,"ý":85,"ÿ":85,"z":71,"A":116,"À":116,"Á":116,"Â":116,"Ã":116,"Ä":116,"Å":116,"Æ":161,"B":91,"C":97,"Ç":97,"D":101,"E":81,"È":81,"É":81,"Ê":81,"Ë":81,"F":76,"G":100,"H":96,"I":18,"Ì":30,"Í":29,"Î":48,"Ï":55,"J":74,"K":96,"L":75,"M":132,"N":99,"Ñ":99,"O":120,"Ò":120,"Ó":120,"Ô":120,"Õ":120,"Ö":120,"Ø":120,"P":87,"Q":120,"R":94,"S":84,"T":96,"U":95,"Ù":95,"Ú":95,"Û":95,"Ü":95,"V":114,"W":156,"X":104,"Y":105,"Ý":105,"Ÿ":105,"Z":91,"!":24,"\"":49,"#":102,"$":78,"%":137,"&":109,"'":18,"(":42,")":43,"*":72,"+":83,",":25,"-":44,".":24,"/":77,":":24,";":27,"<":82,"=":83,">":82,"?":64,"@":148,"[":41,"\\":77,"]":41,"^":84,"_":90,"`":33,"{":51,"|":17,"}":52,"~":85}